"date","V1","V2","V3","V4","V5","V6"
"1960-01-01",-0.0101166018273448,0.00116582190558561,0.00212606758440408,0.0111766775763678,0.0076456202416823,-0.00276340504449255
"1960-02-01",0.0048987292105617,0.00545015787674895,0.00745220522811386,-0.000383201082846082,-0.0149734275100168,-0.0126944545429309
"1960-03-01",-0.00401703602721982,0.00622333473160914,0.00168265756280895,-0.000258264282600326,-0.0133263740102677,-0.00658534675622575
"1960-04-01",0.00261439936204825,-0.00258496480362311,0.00346761385333952,0.000714581603718605,-0.0107318855374626,0.000918436321795682
"1960-05-01",-0.00295944033806322,0.00913649848964494,-0.000376715861595356,-0.000465183117346496,0.00237737745600024,-0.00207028798078118
"1960-06-01",-0.00267454194808512,0.00224710930811813,-0.00491020901294004,-0.00609717635694552,-0.00753682966227116,0.00276163005899889
"1960-07-01",-0.00241519380499769,0.00365109389869946,-0.00212558332699844,-0.000213785230194141,-0.00529056255622569,0.0027066269722971
"1960-08-01",-0.00270508353086628,-1.17261231600546e-05,-0.00343589705339871,0.000392308470017907,-0.0039787623675985,0.00191699184029199
"1960-09-01",0.000886871215395948,0.010966038724671,-0.00330573288788171,0.00204016626169842,-0.00468464068600014,0.00284584616703899
"1960-10-01",-0.00417170428390149,0.00437567728769503,-0.00748050101627414,0.00858160241746724,-0.00397796495027217,0.00332070574387438
"1960-11-01",0.00202070440219354,0.0105296043988683,-0.00829135522447466,-0.00336051254880808,-0.00469018922185525,0.00423373490037875
"1960-12-01",0.00149129058649571,0.0101601306536014,-0.0129345129773736,-0.00153064164864947,-0.00668762705308206,0.00816435843312294
"1961-01-01",-0.00168801549582131,0.00644194890342907,-0.010353074719512,0.00158324027320654,0.00202830384116935,0.00794779047605848
"1961-02-01",-0.00745367396642939,0.00201096848955696,-0.00698020589102681,0.000118886154318504,0.00309272513416643,-0.00337707868255209
"1961-03-01",-0.00360216670444378,0.000239029861727639,-0.00602739855164649,0.00165727840458141,0.00451597404256033,0.004481477435095
"1961-04-01",-0.014153152246806,0.00177275819117635,-0.00550766450104042,0.00871315986468631,0.0120019021007578,-0.00640436881444418
"1961-05-01",-0.0108549928918031,-0.00157798038848694,-0.000818720103220091,0.00849277745053992,0.00389674435695904,-0.00989535834856095
"1961-06-01",-0.00437340763946385,0.00361491772513285,9.26812987476548e-05,0.00858211622795454,0.00398979502711756,-0.00731569466398804
"1961-07-01",-0.00299996087858452,0.00410900212728941,-0.0026974192271029,0.0116686661244818,-0.00416998316552211,-0.00737635090844732
"1961-08-01",-0.00484254501002736,0.00276837223953791,0.00187945515331527,0.00215633386443437,0.00685561144897706,-0.0111038988735658
"1961-09-01",0.00389125697294277,0.00766094094584072,-0.00104710957285099,0.000498554458930571,-0.00636960029570668,-0.0063124469397261
"1961-10-01",-0.00776719001289285,-0.00346882553045465,0.000602423331020234,0.0053598340857716,0.0076837967021865,-0.00499362919914008
"1961-11-01",-0.00898862205578688,-0.00489457829791853,0.00374576259845396,0.0030744034049808,0.00818854453308776,-0.0120022377582811
"1961-12-01",-0.00280869220441691,0.00171028053059384,0.000330927371927478,0.00565268551349846,0.00159511740692398,-0.00807030719144588
"1962-01-01",0.00875416184007704,0.010221572274558,-0.00152303399894975,0.00302026631871849,-0.01173906756526,-0.00154125935291305
"1962-02-01",-0.00199427128722976,-0.00369981645779207,0.000935543396672911,0.00809932453404956,-0.000415429423215988,-0.00101504054591534
"1962-03-01",-0.00422831732568471,0.0013405879255189,0.0055718421633967,-0.00149647136378049,0.00143350191235558,-0.0112226534180345
"1962-04-01",0.00244008557298738,0.00152087330244703,0.00624532436052286,0.00209743472189441,-0.00638518936864444,-0.00592968195062342
"1962-05-01",0.00264434259586615,0.0094322680149976,0.00291768328587788,0.00444183609136213,-0.00672327487190609,-0.00551230792136138
"1962-06-01",0.00503569644140734,0.013758041595638,0.00554929790532228,0.00593842557775719,-0.01118818600932,-0.00386772551989106
"1962-07-01",-0.0054726274919286,0.00172363116123925,-0.000206153238229484,0.00357226377207263,0.00656098649455616,-0.00560704818359595
"1962-08-01",0.000477164447312714,-0.00321435122180958,-0.00234814798674157,0.0026051889364953,-0.00594405103842328,-0.00139369439332321
"1962-09-01",0.000158647916874931,-0.00264594765104804,-0.00105014816358852,0.00714403190326833,-0.00558070937243728,0.00249336195566657
"1962-10-01",0.000661492301245069,0.0110242244556615,0.00677161037848279,-0.00660281630148632,0.00239941380378335,-0.00534795675627099
"1962-11-01",-0.00563288679019884,-0.00658113491821486,-0.00344972579673311,-0.00174891591150465,0.00577839100929737,-0.00546137007339353
"1962-12-01",-0.000428545453979379,0.000884276328853776,-0.00297980039481065,-0.00337945183860262,0.00300404544661038,0.00160499931626772
"1963-01-01",-0.00407363283593773,-0.00444960593804712,-0.00366367052257732,0.00437667556561264,0.002201366999283,0.0019018871421683
"1963-02-01",-0.00354974654418619,-0.000912635357242278,0.000452113012527905,0.00255311743844484,0.00307944393939497,-0.00096549428838397
"1963-03-01",-0.000783066691612038,0.00222989867835169,0.00244657507324786,0.000539126199761209,0.00107532661590157,-0.00318099588660575
"1963-04-01",-0.00122672406461944,-0.00372384045106091,0.00225859584706518,-0.00042873336918818,0.00397815731997178,-0.00354497402701263
"1963-05-01",-0.00224071894553185,-0.00334262965498477,-0.000551127467742671,0.00199867142428107,0.00160828208525058,-0.0042344596074509
"1963-06-01",0.00157625993253946,0.000368624717153093,-0.00254625301218203,0.00345260682606611,-0.00121904623496055,0.00138525316587857
"1963-07-01",0.00630447506863194,0.00440398878275492,-0.000610133172479392,0.000495102754754382,-0.00288345030592835,0.00296187232970967
"1963-08-01",-0.000233898471561826,-0.00109751528592114,0.00115428670027739,-0.00162929955035708,0.00322466802129882,-0.000671180781204603
"1963-09-01",0.000227691885823812,0.000978881710037502,0.00363010256177197,-0.00317788981910083,0.00496973703312073,-0.00248418738505652
"1963-10-01",0.00135975878022279,-0.00447882152399978,0.0018067403596353,0.00348250954452571,-0.00210551991267611,-0.00198874669648217
"1963-11-01",0.000819442150992224,0.00215344183737563,3.94099311052307e-05,0.00167996896455193,-0.00116485488921539,-0.000921808691723708
"1963-12-01",0.00240584891309392,-0.000686038604261477,-0.00213105388155247,0.000570201045041722,-0.000772751570661915,0.00201970290526451
"1964-01-01",-0.00297834962218212,-0.00187699778412378,0.000824900369048264,-0.000232642281480951,0.00507222966153334,-0.000851985985417788
"1964-02-01",0.00295567818797687,-0.000635179735151883,0.0043984518195932,-0.00328942717606856,0.000388300878763148,-0.00284010095210846
"1964-03-01",0.00382081056121675,0.00166588291648782,0.00182546591832618,0.000498480831340704,-0.00440186901114335,-0.00298058071819651
"1964-04-01",-0.0075391343006294,-0.0038643736909096,0.000747469166445124,0.00434771231264772,0.00828575616297569,-0.0026674464268093
"1964-05-01",-0.00239124102143185,-0.000854861923252652,0.00290921795206559,0.000315032743413206,0.000679991509593326,-0.00556665184883979
"1964-06-01",0.000903123245495511,-1.14367618783264e-05,0.00112909386333547,0.00241488059963479,-0.00353961826322694,-0.00205444042519741
"1964-07-01",-0.00256187565731322,-0.00385910554946402,0.00106149908781623,-0.000431585665065252,0.00481963458136434,-0.00172545309834881
"1964-08-01",0.00180619749941155,0.00184512175730292,0.0051345751540199,0.00153653153949128,-0.00334682876811806,-0.00416243859712605
"1964-09-01",0.00342957769132165,-0.00040657046233132,0.00431978912883552,0.00286996396048254,-0.00628694661534729,-0.00324461566814251
"1964-10-01",0.00873168984058902,0.010075666710766,-0.000752094715332622,-0.00662974003717919,-0.00923237934704938,-0.000508639475873755
"1964-11-01",-0.00874447317327673,-0.0101590380519661,0.00422816620824037,0.0124871047881246,0.00824223878841512,0.00162297730329042
"1964-12-01",-0.00825752543210486,-0.00217905488350887,0.00871977341021568,0.0057691110015113,0.00399567314251394,-0.014343163052345
"1965-01-01",-0.00698766868664798,-0.00162827684193354,0.00662629181528651,0.00257168604490343,0.00258848444935631,-0.00934493062870368
"1965-02-01",-0.00311086421738923,0.00196097882482173,0.00681415538639909,0.000949810272219592,0.000139223692825959,-0.00732161637347889
"1965-03-01",-0.00335288507755459,-0.00356319825030117,0.00618046712935225,0.00514427853386257,-0.000728131233230907,-0.00488007197746716
"1965-04-01",-0.00105618363365371,-0.000601287425657639,0.0071391987112205,0.00202504952907891,-0.00475403980481446,-0.00603917683982153
"1965-05-01",-0.00163307194112123,-0.00265153028556673,0.00635649788603551,0.00306475552969185,-0.00234481282599075,-0.00418895533087187
"1965-06-01",0.000121089083159941,0.00148897145703662,0.0072393399044289,0.00702151674846986,-0.00774414516017948,-0.00421035366067995
"1965-07-01",-0.00419662662491019,0.00273544089723661,0.011634745679392,-0.00158248572481912,0.00424262992534457,-0.00841572321734301
"1965-08-01",-0.00210650505776656,0.00115245316024714,0.00792834693996391,-0.000751844819877857,-0.0022016078937601,-0.0104375995917131
"1965-09-01",-0.00220084232303276,-0.00471876065374882,0.00249086483921966,0.00420714763642106,-0.00175719636851017,-0.00202874370050205
"1965-10-01",-0.00177413576347869,-0.00362132028201916,0.00401642236747545,0.00292261423252202,0.00133567892158731,-0.00197779258942292
"1965-11-01",-0.000132206472127728,-0.000725836304148792,0.00578538489085185,0.00147747530890169,-0.000572325788749041,-0.00396655420110433
"1965-12-01",-0.000689629281443803,-0.00252615645062962,0.00574041391778832,0.00834082219721265,-0.000202379683617925,-0.00344194526648742
"1966-01-01",-0.00192389386411265,0.00205647823733348,0.00781018107941325,0.00180353024537948,0.00214241497175145,-0.00613216012952953
"1966-02-01",-0.000711925942580627,-0.000783277919044052,0.00573792817104429,0.00945542694285614,-0.00782171780994187,-0.00499771032522067
"1966-03-01",-0.00191785420010504,0.00287720465767685,0.0115547718975471,0.00545034972620936,-0.000724051332907575,-0.00544746900265763
"1966-04-01",-0.00408487843278454,-0.000938269653702161,0.0075691928792222,0.00303834487154214,-0.00439126867967142,-0.0107969722928058
"1966-05-01",-0.00138078706594342,0.00977540181418865,0.0143019097947254,0.00576049178889875,-0.00727701774850252,-0.00776692344815658
"1966-06-01",-0.00483240176009932,0.00142437697680325,0.0136559087230435,0.00540452755790412,-0.0069477499202844,-0.01116727517559
"1966-07-01",-0.0039658096626663,0.00285683469428637,0.00948105239057826,0.00823584317589706,-0.00702473427468656,-0.00732154296865152
"1966-08-01",-0.000575095045489532,0.00782147803392024,0.0092105603775013,0.012701854489282,-0.0114599945696022,-0.00203349217023912
"1966-09-01",-0.00812947919297839,0.00902789531466342,0.00801541787986398,0.00997806830304892,-0.00119568344524553,-0.00462679439718552
"1966-10-01",-0.0144047745971875,0.00344325498906002,0.0102472111082452,0.00933047689087244,-0.00402326952774203,-0.00994887784272374
"1966-11-01",-0.00707961832525375,0.00641744961747947,0.00967882803733943,-0.000946196058142028,-0.00683408920933345,-0.0108961719623189
"1966-12-01",-0.00830288040262594,0.00177368972647962,0.00843404448824302,0.00436704734762678,-0.00957101964547161,-0.00422289062450163
"1967-01-01",-0.0105313809978726,-0.00106440145170051,0.00832482856495275,0.00113103432951072,-0.00579828311875764,-0.00865729710438395
"1967-02-01",-0.00511174791930475,0.0034542947994319,0.00336921275701169,-0.00161535436594963,-0.00836196554249925,-0.00793033899220751
"1967-03-01",-0.00375715464684351,0.00262839542387839,0.00232538034861809,0.000445387774884404,-0.00693131444817513,0.00271314474598321
"1967-04-01",-0.0111499006687128,-0.0010156975963582,-0.000154021101718149,0.00496831740448701,0.000636043188574297,-0.00354513786624264
"1967-05-01",0.00173994862277212,0.00559289936875678,0.000260559665354324,-0.000139443571131776,-0.00664427445786091,-0.00117188853996407
"1967-06-01",0.00186067801610033,0.00201210951155378,-0.00218545463863031,0.00703472986918365,-0.0054851085894956,0.00413956287354583
"1967-07-01",0.00612266198710983,0.00904934371649026,-0.00234875522195792,0.00345863128506247,-0.0016891196549816,0.00452938010413145
"1967-08-01",-0.00395726479363215,-0.00214907815467938,3.28238393017839e-05,0.00902492463343567,0.00385687299508563,-0.000336058757149129
"1967-09-01",-0.000182766147532122,0.00660322131452836,-0.000175932017926234,-0.000597000481220022,-0.000474570480768687,-0.00680990113208739
"1967-10-01",-0.00148040912439626,0.00576181957840067,-0.00270744598890388,0.00657797962866395,0.00151737903392477,-0.000913503094990139
"1967-11-01",-0.00230703843815221,0.00152130741775321,0.00329483345222518,0.013458055501872,0.000998937052738499,-0.00413425291636434
"1967-12-01",-0.00732171175783066,0.000975648259250217,0.00296242747214376,0.00358316002182382,0.00723291567980896,-0.0117785202962857
"1968-01-01",-0.00289972111321922,0.00445409960983293,-0.0018141936656878,0.00176413103609028,-0.0050849868233807,-0.00551541096069364
"1968-02-01",0.00423293435525354,0.00317229126024437,0.00533928238805841,0.00407451617712069,-0.0075366060186617,0.000410443529696823
"1968-03-01",-0.000675444136400278,0.00302856517164136,0.00381989706298042,0.000972318507034008,0.000894538899505043,-0.00762306447706625
"1968-04-01",0.000568514309815768,-0.0037175427824244,0.00327681235513997,-0.00357297559406153,0.000808718900891301,-0.0024112280755385
"1968-05-01",-0.00230814000014799,-0.00057840368443743,0.00400612368988643,0.00378749496299164,0.00519692449889213,-7.88474346712814e-05
"1968-06-01",-0.00202934730258504,-0.00567387955282007,0.00291442692074015,0.002047322462668,-0.00502983414305623,-0.000302343101700277
"1968-07-01",-0.000299604803211726,-0.00124827062710324,0.00582308115459461,-0.00407850384080023,-0.00434202254806006,-0.00097571424578557
"1968-08-01",-0.00241749478249142,-0.00370399649829769,0.00750905351099553,-0.00140770850600539,-0.00364392647088027,-0.00272377764060973
"1968-09-01",-0.00205881805174537,-0.00298423172577027,0.00430410919662241,-0.00329312454760715,0.00233208113001501,-0.00332580087711764
"1968-10-01",-6.95402571907491e-05,-0.00541202640993528,0.00183330675944856,0.00138819993426561,0.000482500131350868,0.00085753092077473
"1968-11-01",-0.00211369400619699,-0.00306446891537827,0.0036665967339452,0.00205677080180193,0.00612845682727576,0.000572928228421593
"1968-12-01",0.00443155666742627,0.00652334164078665,0.00568758571523878,0.00129962135779604,0.000146345606590877,-0.0023817298659717
"1969-01-01",0.00356461278559638,0.00123781692235789,0.00466587826402067,0.00571117682943731,-0.0042544047391254,0.00143827456872118
"1969-02-01",-0.00103817191153189,-0.0015991110470891,0.00603381402445976,0.00138286194382697,0.000603361389289366,-0.00227892095650024
"1969-03-01",-0.000379795967107694,-0.00461225259398432,0.00452837656364687,0.00684144673745451,-0.00522654336571016,-0.000281328376360344
"1969-04-01",0.00115636919277669,0.000194264439093896,0.00809761168306692,-0.00769153187133483,-0.00101155716548294,-0.00104614369692386
"1969-05-01",-0.00085017830582044,-0.0052675647268827,0.0106994796744923,-0.00910198076592432,0.000937370241037487,-0.000333542066773054
"1969-06-01",0.00192496399374256,-0.00365393529517627,0.01044626900261,0.00793317039112778,-0.0041220321115767,0.00745484467384228
"1969-07-01",-0.00321444768846964,0.00416791717829546,0.00960325883266639,0.00571546564007053,0.00222829968406125,0.00327527331726809
"1969-08-01",-0.00498229274261619,-0.0052427617443086,0.0123387251469083,-0.00223324357650132,-0.00225903208252879,-0.00105598279250043
"1969-09-01",-0.00332586695796526,-0.00115002175847667,0.00408666808464824,-0.000592149180737028,0.00283676141602904,0.00231774728294014
"1969-10-01",-0.000805201204260248,-0.00440604572467613,0.00527954085522173,-0.000849342468738426,-0.0028236861562249,0.00984024670771399
"1969-11-01",0.00196516001711861,0.00176380879093106,0.00254033774355659,-0.00247181987801839,-0.00614739772472623,0.00534669540986204
"1969-12-01",0.0053415595640913,0.00657744913023436,0.00418134243228574,0.00663910740280594,-0.00551076261716021,0.0111416328681882
"1970-01-01",0.00354397255170227,0.00927445756681953,0.00275926381842642,-0.00258270403930247,-0.0114614923103035,0.00662297945369794
"1970-02-01",-0.00571887085703701,-0.00428024533973375,0.00645667458469752,-0.000877459449370304,-0.00676080696956686,0.00651017802052745
"1970-03-01",-0.00751140516512779,-0.000930924119446404,0.0059497421423652,-0.00439458985261423,-0.00529234792457076,-0.00189927930265419
"1970-04-01",-0.00649638424794978,0.00162007733672737,0.00179238687170225,0.00345393727907928,-0.00419670402927563,-0.00282336700464751
"1970-05-01",0.000801084903406041,0.0161557437860633,0.000684105876683578,0.00745014096065109,0.000432252110151018,0.00815318520237316
"1970-06-01",-0.00368885704656723,0.00180949118202824,-0.00436098681193652,0.00244334766070575,-0.00109237297270248,0.00629701335929575
"1970-07-01",-0.00304873453580303,-0.00132270027557826,-0.001142453619575,0.000114614469075069,-0.00257587525688892,0.00435100227781085
"1970-08-01",-0.00120238097291449,0.00482132549814073,-0.00418054231565988,-0.00553184370126059,0.000936049179786249,-0.000986267834800527
"1970-09-01",0.0018936302522327,-0.0038156206582727,-0.00987651986553939,-0.00267891156040614,-0.00568242636128383,0.00582664674030752
"1970-10-01",0.00804489621927619,0.00629235433806305,-0.0132713194247545,-0.0112547014421067,-0.00696299194963431,0.0104258394144052
"1970-11-01",0.0019656844297231,0.000278544275197787,-0.0098687490828125,-0.00590118227445713,-0.00577726543291871,0.014410098570664
"1970-12-01",-0.0154715686770588,-0.0190987999501832,-0.00391036764134985,-0.000576351023990112,0.0160089655246004,-0.002095272989207
"1971-01-01",-0.00777922106059341,-0.00283053171507393,-0.00168071877414405,-0.00767385207534074,0.00871279941458119,-0.0125165497467155
"1971-02-01",-0.0029965156774513,-0.00449448868865862,-0.0061502916499359,-0.00819244106104508,0.000629829487735219,-0.0064893586844805
"1971-03-01",0.00184183102302906,-0.00324184946184937,-0.00621320796189429,-0.00591753665136832,-0.00036285987983804,-0.000746173816423367
"1971-04-01",0.00411218074354401,-0.000948274604712152,-0.00614535929531949,0.000120345131603418,0.00820964582729183,0.00261162576125559
"1971-05-01",0.0107789144958924,0.00218612951381647,-0.00421346545602916,0.00463036376737264,0.00225104773244181,0.00668271805159222
"1971-06-01",0.00576319597657773,0.00366701810324492,-0.00668765598912561,0.00177144667284688,0.00661180317703166,0.00519348655122646
"1971-07-01",0.00873370639488706,0.00565287192703323,-0.00413528468672272,-0.00167959804109395,0.00502188862079212,0.00540024744705998
"1971-08-01",0.00955496610669582,-0.000612258454423391,-0.00212603207654075,-0.00590174477819616,-0.00755345038484046,0.00414699911231403
"1971-09-01",-0.00353347201957878,-0.0104959221262285,0.00216336053826908,-0.00593884623683976,0.00825335648003238,-0.000540296717247863
"1971-10-01",-0.00267533571261287,-0.0065789113582669,0.000494834300919348,-0.00252906340876566,0.00272023831363827,-0.00673877195198345
"1971-11-01",0.00349717907895349,-0.00262420858067486,0.00153587804261267,-0.00319934741942762,-0.00134663284340686,-0.00139663615868542
"1971-12-01",0.00214045881201027,-0.010086958930169,-0.00509140476770495,-0.00186993504339143,0.00403545565803339,-0.00036348870209466
"1972-01-01",-0.000421620079737241,-0.0104930097067831,-0.000687903747233664,-0.00355339250563197,0.0100895550853347,-0.00305885185621962
"1972-02-01",0.0037272807102496,-0.00268181309223048,-0.00215687479996488,-4.63513336815483e-05,0.00230327915066464,-0.00961152877481507
"1972-03-01",0.00782302923987917,0.00231442726621638,0.000920502545384601,-0.00583911296505504,0.00810752464020249,-0.00411337861747807
"1972-04-01",0.00500911096467584,-0.00272435951281838,-0.00162789750773551,0.00134710615854538,0.00459343028567724,-0.00284297012366924
"1972-05-01",0.00978990443995297,-0.00232431681926841,0.000223384681281636,-0.0029542321356215,-0.00592471485483103,0.000380001533670892
"1972-06-01",0.00955256230861172,-0.000362188551775154,0.00114324513804503,-0.00515631950657492,0.00120003415986961,-0.00104949501230614
"1972-07-01",0.00689776063005944,-0.00151151332292481,-0.00545266414330255,-0.0020725305912489,-0.000257529309985467,0.0017580894499708
"1972-08-01",0.00364212050765668,-0.00843431093863539,0.000435181616082628,-0.00384730265471267,0.00908236020913393,0.00353910363633352
"1972-09-01",0.00775823747443442,-0.0036154800493153,-0.00307096042186326,0.00293812141220829,0.00339269434745875,-0.000561449848225568
"1972-10-01",0.00402473442070085,-0.00412501297760407,0.00294059739782991,-0.00431888934755181,0.00901593745957436,0.00148196274503551
"1972-11-01",0.00184059332984596,-0.0115057510525952,0.00128798512847587,-0.00320145056474825,0.00389661544769024,-0.00613857867479002
"1972-12-01",0.00544705161067602,-0.0059989950732428,0.0028290197708208,-0.00369160882196253,0.00685902928096097,-0.00278376410672662
"1973-01-01",0.00870839342149318,-0.00618545545966126,0.00245169640849779,-0.0016488783305792,0.00230859823884639,-0.000621634013650031
"1973-02-01",0.00776207012072218,-0.00739088874744679,0.00661790978115593,0.00435929453241612,-0.000650269490758153,0.0029402147504029
"1973-03-01",0.010070063280086,-0.00234033295262159,0.00503001134711115,0.00140045666588332,-0.00318610478485447,0.00112719053929627
"1973-04-01",0.0102286397425755,0.00243796101150809,0.00622621677328019,-0.00537675794066786,-0.00414404046169084,0.00551680761025166
"1973-05-01",0.00297499621596468,-0.00350927707571782,0.00850725197751994,-0.00413289766893272,0.0019778854246013,-0.000456247685113624
"1973-06-01",0.00787956276411542,-0.00260668928692514,0.00847007534364434,-0.00280200101495345,-0.0017314636440273,0.00288260788656004
"1973-07-01",0.00103583387927343,0.00152104109088289,0.0123859348995754,-0.00979258272117086,0.0165281845971375,0.00184590519944674
"1973-08-01",0.0125978173348186,-0.017908793056644,-0.00403632266823575,0.0190751859883726,-0.0216650526679015,0.0217150661042415
"1973-09-01",-0.00674961729716484,0.00122562504337203,0.0173039663329213,-0.0202703041024427,0.0187754089476736,0.0102919336496325
"1973-10-01",-0.0145694230946077,-0.0222400332505064,0.0120428779709393,-0.00635670554727234,-0.001236681947697,-0.00739047608095152
"1973-11-01",-0.000851307712155864,-0.00580050278777074,0.013537748345007,0.00478731546116975,-0.0055417497855612,0.00175173593970726
"1973-12-01",0.00151554308901187,0.00172744660675349,0.0157953604370624,-0.00080762337413308,-0.0126070256465623,0.00330648047504416
"1974-01-01",0.00145515793778445,-0.00358627442648155,0.006615213152292,0.00128741587383188,-0.0102780381445854,0.00530474430048892
"1974-02-01",0.00261595829699457,-0.00536010840718238,0.00661734637909162,-0.00235259341406266,-0.0116463463812501,0.0119209796334803
"1974-03-01",-0.00241417189310501,-0.000274010594858658,0.0042813746835264,-0.00226936220768493,0.0101970781510813,0.00319463153333455
"1974-04-01",0.00278252466848983,0.00974748616551303,0.0110571160455564,-0.00299289088419698,0.00559959183771324,0.00731573414914972
"1974-05-01",-0.00573784880575726,-0.0109799309913056,0.0086736365823505,0.00830735898573834,-0.00326876146564919,0.00956266660363781
"1974-06-01",-0.00996525524963883,-0.00383905547449844,0.0154324447882078,-0.00699946666719017,0.00351813668163609,0.00326462491204817
"1974-07-01",-0.00840601261720384,-0.00078274744112984,0.0198150360711167,0.0040042704758351,-0.00711169250171267,0.00295982820681352
"1974-08-01",-0.00183174438399435,0.00117523834971314,0.00593889394294216,0.0118935459318276,-0.00925857364144841,0.0144923482702863
"1974-09-01",-0.00470934083160309,0.00712453293027045,0.0134080157186326,0.00756223579940547,-0.0144036664209261,0.0126925823016054
"1974-10-01",-0.0147322933234933,0.00139768422690968,0.011161905504227,-0.00516215135246571,-0.0067670869146296,-0.00424335619859708
"1974-11-01",-0.00411012661007722,0.00792710655729878,0.00122175687704392,-0.00904175386397588,-0.0158682603367712,-0.000458281385264807
"1974-12-01",0.0082143095800662,0.0210016704559741,-0.00574965909619145,-0.00609746168531492,-0.0232822539175916,0.0182692609883299
"1975-01-01",-0.00866478079285527,0.00378814184727283,-0.0151412533417761,-0.0070776215775296,-0.00131316496216992,0.0167144831318683
"1975-02-01",-0.00845627127873584,0.00338530371346554,-0.0158584164801845,-0.0135568611402279,-0.00174140253813278,0.0107579481085464
"1975-03-01",-0.00553372811908343,0.00927179724137099,-0.0151962847424381,0.00126709426389459,0.00162528149481447,0.0108561805508095
"1975-04-01",-0.00664459250055744,0.0099065428659684,-0.0138576396018126,0.0121578166441345,0.0077972563369921,0.00754971630093934
"1975-05-01",-0.0067554979886579,-8.27840701737618e-05,-0.0092817439352065,-0.000121022925496646,0.00110412703638561,0.00290067982840826
"1975-06-01",-0.0125121731907548,-0.00446467499028144,-0.00911115010315024,0.0060106181437054,0.00470908112380606,-0.00461202622408628
"1975-07-01",-0.00420248910331427,-7.14409207618118e-05,-0.00666569271092965,0.0148121946796682,0.00598211918137372,0.00217431926651738
"1975-08-01",0.00192688441649379,0.0168214493445005,0.00600207682963478,0.00822189574859108,0.0031192200158403,-0.00232902591661727
"1975-09-01",-0.00759010228217118,0.000303329795288263,0.000615759976122098,0.0103125548448285,0.0015472689623948,-0.0121407255824195
"1975-10-01",-0.00411066794329168,-0.00219692799410371,0.000550904603080928,-0.00115194665947028,-0.00461826944471395,-0.00854839844021592
"1975-11-01",-0.0025177131005197,0.00213051190814072,-0.00185180289578918,-0.00057506625100086,-0.00296111684462679,-0.00964940466580325
"1975-12-01",-0.00350073140223507,0.00342233213508851,0.00143777990934976,0.00606008758325395,0.00310921498120781,-0.00844796669520594
"1976-01-01",-0.00867176044645007,-0.00950981203177624,0.00204245617000139,-0.00576048276145693,0.0055766173490677,-0.0145385912055442
"1976-02-01",-0.00199837872145116,0.000934142377917529,0.00380635900604687,-0.00207803222089786,0.00469298185973031,-0.0153801138682283
"1976-03-01",0.00330478919492419,0.00467811936919503,0.000137249269133313,0.00195485706439178,-0.00243483340710006,-0.0095104194053987
"1976-04-01",0.00186661030572811,-0.00096658973684394,-0.000359981023251543,0.00172296320760162,-0.00612695635223952,-0.00468733166488379
"1976-05-01",0.00291843732879446,0.00465351122865274,-0.00283486004986405,0.00684828075821302,-0.000289888054785484,-0.00494795818038614
"1976-06-01",0.00257749531436558,0.00483458102815255,-0.00463060057665219,0.0029650154710478,-0.000120568282052615,0.00179663309313104
"1976-07-01",-0.00121825395244077,-0.00150567863028018,-0.00328436506691683,0.00138890792202678,-0.000420347274420214,-9.28623869180065e-06
"1976-08-01",-0.0007277473848636,0.000693573395340282,-0.000127648739261345,0.000985486506235087,-0.00129943455618941,-0.00524216673304798
"1976-09-01",0.00263237060205208,-0.00151623138775258,-0.000138008702528893,-0.00187139707959344,-0.00252147139940457,-0.00441151978703021
"1976-10-01",0.00255696635456938,0.00373896216267751,-0.00138815606542163,-0.000558887313415347,-0.00536603937067184,-0.00292059315114375
"1976-11-01",-0.00461698634830888,-0.00343621292535297,0.00180503261597559,0.00161315744702638,0.00562142718569352,-0.00523258242003084
"1976-12-01",-0.00622465643525958,-0.00914230362721482,-0.000335164496457316,-0.00364275024160808,0.00449093494617398,-0.0103163588694751
"1977-01-01",0.0085507904261983,0.00620701288827572,-0.00157038456508753,0.00134074617552805,-0.0031907435729053,-0.00334908437250988
"1977-02-01",0.0053327637168701,-0.00425254625087801,-0.00252952396876431,0.0111400065938054,-0.00204732914454153,0.00418439649155381
"1977-03-01",0.00516544523307094,0.00279427723701795,0.00544553901105934,-0.0036680904685935,0.00557741859946129,-0.00648463517051778
"1977-04-01",0.00335354427720131,-0.00250681014780691,0.00322158487778043,0.00144393509071883,-0.00207477090618186,-0.0095619335507581
"1977-05-01",0.00572839148948225,0.00330635324811806,0.00496641781849389,-0.00130095247367549,0.00339398711597788,-0.00724031596531362
"1977-06-01",0.00428212175153795,-0.00340373365106112,0.00353314206291673,-0.000441933889037183,-0.00123984789520486,-0.00373889935983001
"1977-07-01",0.00671536572858132,0.000116019848207139,0.00175686118314332,-0.0030892910448919,-0.000580705950056144,-0.0042662381851835
"1977-08-01",0.00909842934261626,0.00294501975001886,0.00236356292047273,-0.000290605875975148,-0.000812237078602533,-0.000167571532731229
"1977-09-01",0.00854215275325707,0.000270208963572356,0.00372843543154694,-0.000936667088656341,-0.00320714579223219,0.000852788488307824
"1977-10-01",0.0095601098814164,0.00148066417532088,0.00219525101395897,0.000683583915303837,-0.00113142527925185,0.000622462636185282
"1977-11-01",0.00884578916122161,-0.00602298661620263,-0.000374252181919405,-0.000194327560402369,-0.0045154808618866,0.00443247913744067
"1977-12-01",0.00585938734877488,-0.00152270536321218,0.00364616797121231,-0.00393661755757868,0.00391554173534996,0.000443593192782524
"1978-01-01",0.0187215677724769,0.0113940375662982,0.00163359181283563,-0.00164599615919263,-0.0140252475012803,0.0010524585396421
"1978-02-01",0.00676579620193842,-0.00134653856154578,0.00138781233833914,0.00182220852939038,-0.000107922870498022,0.00718471989771
"1978-03-01",-0.000496377647056537,-0.0101891255288204,0.00416385063045633,0.0034477144241018,0.00415237201922381,-0.00343739693666775
"1978-04-01",0.00182684147573491,-0.0118728961699088,0.00415338594951135,-0.00150866455727205,0.00731912692614775,-0.00607817279739115
"1978-05-01",0.00700845063003059,-0.00370614133645482,0.00324790741912406,-0.0048007874390446,0.00323799343178025,-0.00322443542202692
"1978-06-01",0.0110954275645474,-0.00335758621025468,0.00421899675866744,-0.00106335890060971,-0.000573933523732279,0.00403689878469348
"1978-07-01",0.0103231219880435,0.00388738964886253,0.00486407864438743,-0.00405804173573187,-0.00239440735063375,0.000328516755283886
"1978-08-01",0.00226769394058171,-0.00904242183790006,0.0031289595237101,-0.00948206830325907,0.00412469079223347,0.00029782011447153
"1978-09-01",0.00594600018923494,-0.00406570350127196,0.00173316525512538,0.00050557280069389,0.00073942950396834,0.00163003316033745
"1978-10-01",0.00839040350932337,-0.00154289160095281,0.00437679854109837,0.00342209723711224,0.000314106630916931,0.00674382489014009
"1978-11-01",0.0091178526647414,0.00407296022546078,0.0107612840710477,0.00359458008956003,0.00151486379170941,0.00290012539984499
"1978-12-01",0.00433005343834286,-0.00289440807707896,0.00736109704451362,-0.00249021596811599,0.00229673874868178,0.000497644186433903
"1979-01-01",0.00466662820470553,-0.00276607896529233,0.00224943456580263,-0.000653459997792886,-0.00492759976873518,0.00385067510128262
"1979-02-01",0.00362617162097131,-0.00314402602190905,0.00458811768280035,0.00125525091538646,-0.00513567310583378,0.00724969321541683
"1979-03-01",0.00166351969281504,-0.0075151620804599,0.00436558330266089,-0.00243530948969579,0.00275847262250299,0.00189542160384545
"1979-04-01",0.0104834841701612,0.00180661346270566,0.00023719254642405,-0.00831264266811173,-0.00848819711956449,0.00517243937286878
"1979-05-01",0.00400755225904648,-0.00643980087333958,0.00387211178939713,0.00360344440473452,0.00138265272817966,0.0113239088932754
"1979-06-01",0.000558861163262087,-0.00730223171205619,0.00925321511087561,-0.0100073188568268,-0.00306574294202597,-0.0020339040805201
"1979-07-01",0.00174611308661279,-0.00320378951324455,0.00677362220854531,-0.0047010005650665,-0.00234721248215262,-0.00066747053481699
"1979-08-01",0.00381431582393222,-0.00175609190266051,0.00214049944492993,-0.00940466178169709,0.0023165752636795,0.00611457384223069
"1979-09-01",0.00461599916099952,-0.00223727641047385,0.00074666839797466,0.0015898607911194,0.00711692510905487,0.0134865852378073
"1979-10-01",0.005087894371539,0.00747762338867875,0.00812466173286482,0.00805456846443894,0.010205619926674,0.0104576168890972
"1979-11-01",0.00519456532394864,0.00217529058429273,0.00285150913438507,0.00465801805491626,-0.00413783203209718,0.0184130688148764
"1979-12-01",-0.00731501101358151,-0.0111345574211169,0.00637908316187412,-0.00505801238973369,0.00106474258135859,0.00586484885981888
"1980-01-01",-0.00595130151717181,-0.0105281082537066,0.00393017750303153,0.00319829738731497,0.00099445120968187,0.00687642037075595
"1980-02-01",0.00372452055542976,0.0144180475668344,0.000890049874833599,0.0096389870644076,0.0150940830743618,0.0117877087651002
"1980-03-01",0.00488027199145678,0.013657287855249,0.0104147905876392,0.0168355979783612,-0.0109501746737623,0.016206779358448
"1980-04-01",-0.0151454936265192,0.000709261352719973,0.0197870557889136,-0.0190942205022486,-0.00998346046623426,0.00361158383449764
"1980-05-01",-0.00518303120370818,-0.00286729716411532,-0.00467003578994612,-0.0142261366186838,-0.0151963522383435,0.0114862211974699
"1980-06-01",-0.0100936139674205,-0.0102881531572794,-0.00713791132436634,-0.0155233810015174,-0.00471268841973332,0.00920464199573711
"1980-07-01",-0.00442880224192497,0.00479108213465346,-0.0106620494470557,-0.00425163898430729,0.0137171419055879,0.00593243952678608
"1980-08-01",0.00678316755506648,0.00374424417104111,-0.01115823253812,0.014668540641691,0.0114490867283814,0.0174716605247007
"1980-09-01",0.00140528268850304,0.000675371965454389,-0.005758409489348,0.0111439392922957,0.017099580645891,0.0125327154072877
"1980-10-01",-0.00436687100146386,-0.00309057811031693,0.00249547734149984,0.0047774409821554,0.016613232269889,0.00425343434677229
"1980-11-01",-0.00711552062460195,-0.00480122697426956,0.0079655687850012,0.00633385932240267,0.0182377073985399,0.00204635925588048
"1980-12-01",-0.00532178148071627,-0.0039079025624547,0.0191067163970794,0.000757700247263593,0.00512115655858657,0.00729257947106648
"1981-01-01",-0.0113998672147044,-0.0206636288801117,0.0163286543509674,-0.0105269250558968,-0.00652218384285173,0.00914977604871985
"1981-02-01",0.00294502640720373,0.00415956067136568,0.00448003880997847,0.0078414746792844,-0.00662246134682274,0.0156215626138186
"1981-03-01",-0.00825848884929333,-0.0057364188929512,0.00715915445965175,-0.00710448773397606,-0.000562944595509651,0.00482392404470781
"1981-04-01",-0.00597469410507213,0.00419437983215055,0.0111257744242393,-0.00262617470184117,0.0102395318390699,-0.00878653791518374
"1981-05-01",-0.00698922903880285,0.00203011337052778,0.0110170088904463,0.00914062942488337,0.00770072723122076,0.00358729389856878
"1981-06-01",-0.016893500453943,-0.0194645005976989,0.0160232596486713,-0.0089722237658088,-0.008923136347971,0.00698893947308918
"1981-07-01",-0.0119988529859891,-0.00316318649604391,0.0137728659745243,0.00832758295698657,0.00557412520952751,0.00261341138475455
"1981-08-01",-0.00457201416925593,0.00819385056627993,0.00527262954618512,0.00823521169707187,0.00413132901208374,0.0134545606922305
"1981-09-01",0.0014695991936753,0.0140484083271792,0.00279470755585557,0.0146385371747395,-0.0173855845134428,0.0106717947252551
"1981-10-01",-0.0129141667663398,0.00680568630858828,0.00473085177579625,-0.00441926227813681,-0.00840301718082716,-0.0055492328185797
"1981-11-01",-0.0176960289285837,-0.00551896608043629,0.00104320368871813,-0.0100719295822377,-0.0102565194682067,-0.0104589256774947
"1981-12-01",-0.00529688699974969,0.0128789833455349,-0.00607574618816535,0.00131294692764644,-0.00268116065885345,8.77512556762461e-05
"1982-01-01",0.00830047886680104,0.0292953261713468,-0.0106960788847611,0.0134757132416524,-0.00435258843863669,0.00961643346027574
"1982-02-01",-0.0142472293916242,0.000948680662377216,-0.00108948031644754,0.0173361433527612,0.012315170464545,0.0144866234244458
"1982-03-01",-0.0135059874413676,0.00241993576467538,0.00678142503026493,-0.00733166975724526,-0.00697369034456568,-0.00882171452500703
"1982-04-01",-0.0153059602580127,-0.00054435823925507,-0.00186484834848029,-0.00320377955367239,0.00432572909004403,-0.00396554168438751
"1982-05-01",-0.00808170423039242,-0.0122908696017708,-0.00681863928835004,0.00534598274571031,-0.0109691391840377,0.0126331855737534
"1982-06-01",-0.00329566492814012,0.0124705264398128,-0.00629612823731032,0.0174054078787027,-0.00266922803614312,0.0102647992992194
"1982-07-01",-0.00823821629875264,0.0076244892567406,-0.00499651259730009,-0.00438374356020092,-0.000211889744642043,0.00755503127067163
"1982-08-01",-0.0107070211922173,0.00421377047776639,-0.00421870652128207,-0.010526738732691,-0.00921452710348858,-0.00850304530401359
"1982-09-01",-0.0178465072225858,-0.00827233054763035,-0.00717035951501177,-0.0136066958229227,0.00724635438077707,-0.0145880341028483
"1982-10-01",-0.0130123837746859,-0.0160155300971195,-0.0124779987552217,-0.0144394035479836,-0.00646596283270958,-0.000907050801676289
"1982-11-01",-0.00700699425085718,-0.000379585555658076,-0.00846321021801618,-0.0101068472828847,0.00781215748917214,0.00176646554358391
"1982-12-01",-0.00125369798123728,0.00252191801193353,-0.00617242261510153,-0.00667590597776635,0.00355258025946513,0.00142932505565777
"1983-01-01",-0.00943940421211114,-0.014829071648538,-0.00833645812930604,0.00293674996062616,0.0104077764087158,0.0015911330730369
"1983-02-01",0.00462905498966033,0.00771532912111774,-0.00576961318501978,-0.00356469562601563,0.00425108852615652,-0.00190546996218993
"1983-03-01",-0.00172046056704898,-0.00552129747456796,-0.00697176126752891,0.000290151805989689,0.00576049905649578,0.0030954852662377
"1983-04-01",-0.0035407368091529,-0.0128181359736642,-0.00607642197231524,0.0055773572368651,0.00117413668190828,0.0005925692561918
"1983-05-01",-0.00101627309104728,-0.00389415404268263,-0.000784918182985071,-0.00427640727384087,0.00758088884078839,-0.00244319101287232
"1983-06-01",0.00555475708181139,0.00355993825077832,-0.00033395984626077,0.00105834655739424,0.0100816753444864,-0.00380207976471339
"1983-07-01",0.00552108379002899,-0.00237698664437792,-0.00175940785286964,0.00623707718695245,0.00746471610037231,0.00202203692724318
"1983-08-01",0.00580111337928768,0.00646025990335737,-0.0013006855390454,0.00547966187615944,0.00420305683535773,-0.000813913802706861
"1983-09-01",-0.000549986344533003,-0.00815859642836189,0.00507008492945449,0.000590603608750095,0.000952637032382354,-0.00365301457472667
"1983-10-01",-0.000186118330345373,-0.00489902879641646,0.00572634082887349,-0.00486068521030299,0.000348881150695339,-0.0145138276489875
"1983-11-01",0.00646310737153156,0.00205218579962119,0.00309680111439604,6.97450273871924e-05,0.000276873986068427,-0.00554183060175388
"1983-12-01",0.00670262709740295,0.00190648063742009,0.00132670207703156,0.000701526539447265,0.000846265954274531,-0.00293654609417316
"1984-01-01",-0.000706805976453015,-0.0152314418152152,-0.000863161007687582,0.00370213265324767,0.00166996263668333,-0.00215769301054051
"1984-02-01",0.0123690358968126,0.00263375745287153,0.00713126517478351,4.94727790359878e-05,-0.00494198571800065,-0.00362482459088922
"1984-03-01",0.00624470507882579,0.00834166269341915,0.00316605372605012,0.000914214891601983,0.00591058702618786,-0.00712708911402546
"1984-04-01",0.00833409075885009,0.0019684854123201,0.000494702909493772,0.00266822905900606,0.000253053133469145,0.000601648784633459
"1984-05-01",0.0119567162116229,0.010533598539002,-0.000712422592745069,0.00417851915685173,0.00338928530813945,0.00139528207486098
"1984-06-01",0.0103205087600471,0.0027029128435727,0.000975276703569004,0.00190208295766482,-0.00112542404334191,0.00116068617328744
"1984-07-01",0.00626532245939377,0.000255825554211866,0.0016876781515392,0.00155680121247468,-0.00533137355064275,-5.08883822946499e-05
"1984-08-01",-0.00166478853839695,-0.00902330416705463,0.00161344877327013,-0.00977075243802708,0.000306572885478537,-0.00399861981188238
"1984-09-01",0.00488820401803944,-0.00185929117141877,0.00227613124079665,-0.00581881290437609,-0.00512919678920181,-0.000423592741510386
"1984-10-01",0.00241776231015547,-0.00358147843721371,-0.000350475734793102,-0.00116277515394001,-0.00877699148608028,0.0001639953913936
"1984-11-01",-0.00230577059776583,-0.00820555512240902,0.00363319643111451,-0.0121136362406504,-0.00424739568127882,-0.00949360372047444
"1984-12-01",-7.86496658294838e-05,0.000290034095702489,-0.00127898306820436,-0.00301348812734999,-0.00257900655254375,-0.00945464081175129
"1985-01-01",0.0043836208757756,-0.00366336066154782,-0.00495459582154658,-0.00572940021721389,-0.00247289057172914,-0.003888828952101
"1985-02-01",0.00566295085438621,-0.000593739507589576,-0.00946928032796244,0.000368330602723106,0.00345050050467555,0.00306012006565888
"1985-03-01",0.0121444573499736,0.00718523917160519,-0.00558189216683645,0.0047174081626374,0.00200957404992472,0.00771784919733499
"1985-04-01",0.00728267151771832,-0.000413396462115787,-0.00305161505953602,-0.00934495334501972,-0.00766564172964228,0.00022105341884549
"1985-05-01",1.51850512474667e-05,-0.0056796673352583,-0.0014649149582169,-0.0111919408682207,-0.000916212975322987,-0.00687617062435265
"1985-06-01",-0.000707725956154435,-0.00867619347221844,-0.00278178102512346,-0.00998257204521438,-0.00505341670778407,-0.00620651853565762
"1985-07-01",0.00462542656435297,0.00134322752008925,-0.00358939614188262,-0.00605628898921826,0.00105539072149446,-0.00360110921375585
"1985-08-01",0.00684276909183983,0.000517027409895286,-0.00368646622640427,-0.00117812684216935,0.00273776480963104,0.00508174075836612
"1985-09-01",0.00583934314286771,-0.000938288180079684,-0.00397552005503828,-0.001751904910602,0.00103952620225283,0.00167330995598065
"1985-10-01",0.00783018285790529,-0.0023406826449292,-0.00412988119874015,-0.00259030978125066,-0.00596035850570248,0.00373774608626974
"1985-11-01",-0.000879406270742391,-0.0102613604770644,-0.00448012620925515,-0.00532454288812331,0.00254793489553034,0.00146798729756109
"1985-12-01",-0.00311368639243347,-0.0103961245702426,-0.000622939078838249,-0.00943594703680678,0.00532287140020886,-0.0022086845842156
"1986-01-01",-0.000670638424114464,-0.00426427236237441,0.000294672507206972,-0.0052327046416115,0.00799207320175406,-0.00160695675382019
"1986-02-01",0.00248585290406135,0.00315191269762876,0.00201414167963008,-0.0183757092996158,0.00516326756726224,-0.00278669633532403
"1986-03-01",-0.000781082198235202,-0.00701773927952068,0.00174920408114691,-0.0204066593024961,0.000729838479103086,-0.00348097451660032
"1986-04-01",-0.000572029832866689,-0.0136536085809204,-0.00216243762117792,-0.00858305099418664,-0.00172707353737953,-0.00187655963304394
"1986-05-01",0.00620804891428256,-0.00895663563379335,-0.00990224139868952,0.00733174109385059,-0.00500807815723686,0.00692282722954604
"1986-06-01",0.00672064155042577,-0.00221769216669062,-0.0100689492846567,-0.00219358182774362,0.00183101904474298,0.0128413809509976
"1986-07-01",0.00300310069885546,-0.00169544544489871,0.0019948627828167,-0.00866709200076201,0.0010292892463946,0.0055613905360263
"1986-08-01",-0.000284528557632875,-0.00573546059341603,-0.00184606702737071,-0.00558978708836482,-0.000949100236617624,-0.00624341197876693
"1986-09-01",0.00420528526824463,-0.00439022112580001,-0.00461090598838251,0.0019854312258048,-0.00219599591677767,0.00349120719031829
"1986-10-01",0.00335114461333717,0.00307113432083036,-0.00013557749850773,-0.00405556628412397,0.0019074051581619,-7.97066522010828e-05
"1986-11-01",-0.000194128204631197,-0.00371198559311228,-0.00253836446104799,-0.0023664828289641,0.00278379042541543,-0.00216507163972638
"1986-12-01",-0.00220868953618067,-0.0114283774095588,-0.00118820477775614,-0.00446287765897174,0.00902628205987425,0.00016283290406546
"1987-01-01",0.00621197356359573,-0.00715973952726422,-0.00488284923310795,-0.00207143264651249,-0.00842358821263089,0.00669993922361494
"1987-02-01",-0.00150529516162097,-0.00523318473489185,-0.00186030813696851,-0.00180096293760196,0.0125665166784009,0.0045209963623757
"1987-03-01",0.00224614804439788,-0.00124965877416817,9.42170726217992e-05,-0.0071016610657921,0.00490854582075668,-0.00309792678142379
"1987-04-01",0.00712952968262813,0.00300881317038734,-0.00174598519820187,0.00547194554057509,0.00177279186321816,0.00281773275642915
"1987-05-01",0.00444960002855368,0.00573001683128367,0.000156032114904125,0.00400097978048565,0.00578875458493776,0.00301325905545939
"1987-06-01",0.000477925496420564,-0.00502906970636077,-0.00321121126644538,-0.00052513927431005,0.000342436156157916,0.0014942758347021
"1987-07-01",0.000329196684867326,-0.00200862139594079,0.000874712195272718,-0.0022141821299893,0.00349357333289516,-0.000864237288288805
"1987-08-01",2.60407595498724e-05,-0.00303515869231106,-0.00366146343231657,0.00165111567085764,0.00669383595121889,-0.00306580427540604
"1987-09-01",0.00870504032015026,0.00944587704664987,-0.000301020005218875,0.00568561403929607,0.00305645410169207,0.00366713239379102
"1987-10-01",0.00441344742002083,0.00726605828666543,0.00640578061519749,0.0119860253394642,-0.00576313748123321,0.00073583846113873
"1987-11-01",0.00158036555927648,0.00290049863281438,0.00805752811009424,0.00201099253485597,-0.0155518571962367,-0.010016394762103
"1987-12-01",-0.00349638786965784,0.00590440407055258,0.00488210203088485,0.00177468394398488,0.00254667711929947,-0.0138685074371775
"1988-01-01",-0.00384032112728633,-0.00320046243503516,-0.00229518806222944,-0.00172952996878591,-0.00349512935903814,-0.0056449972860681
"1988-02-01",-0.00192913929275929,-0.00467519635945138,0.00278276765981393,-0.00616393441961231,-0.000823174135280334,-0.00288498675348516
"1988-03-01",0.000883174170507852,-0.0043118702451971,-0.000821812592315923,-0.00128290252978154,0.000379988905793087,-0.00564100347035158
"1988-04-01",0.00459163430204718,-0.000896112954216307,-0.00235757508986323,0.00787125289113428,-0.000722548388600692,0.0033872695045189
"1988-05-01",0.0073861544445046,0.0116666542336718,0.00177593179830864,0.0006809178574841,0.000350285928963519,0.0016968006246137
"1988-06-01",0.00210966371753701,-0.00490783240516315,-0.000267226752067854,-0.00138820579418924,9.150137033114e-05,0.000337780089792859
"1988-07-01",0.00548206949511951,0.00218243225215229,-0.000178183759292643,0.0028739308690742,-0.00342068815000836,0.00242546762788212
"1988-08-01",0.00357541531008317,0.00704676054496589,0.00152626392736803,0.00202641393533008,0.00284681569331695,0.00251105698614987
"1988-09-01",0.00145326833718854,-0.00403668667018433,0.000787336967608037,-0.00141821744809828,-0.0042044897424908,0.00153475087345986
"1988-10-01",-0.00207590997813969,-0.00570154440797734,0.00257000212230091,-0.0064047276594826,0.00483627891258728,-0.00133422130239234
"1988-11-01",0.00485016574315466,0.00277236892449474,0.00362176310274944,0.00165259693985323,-0.00140772673706922,-0.000832308577493483
"1988-12-01",0.00159506646539628,-0.000555546910115923,0.000933219903925073,0.00201188755171287,0.00382420874409307,0.000850882517843819
"1989-01-01",0.00186760527766369,-0.00593529839988111,0.00102662538346158,0.00108159370612778,-0.000706919106803372,0.00383170865391267
"1989-02-01",0.00551411937089368,0.00412200577525927,0.00457850648898939,-0.00365589678995699,-0.00362485507742765,0.00187828077703541
"1989-03-01",0.00196912724887309,0.00161656248230737,0.00343738366659401,0.00447081739385487,-0.00263449381397529,0.00317622205446796
"1989-04-01",-0.00134855489175477,-0.00961438402194641,-0.000863801183061083,0.00131061913299629,-0.00469949836399506,0.0058162925829592
"1989-05-01",-0.000126928706242048,0.000854201549054241,0.00587419188034983,-0.0116579406345935,-0.00172504581703486,0.00189822541559123
"1989-06-01",-0.00627964202466328,-0.00586322320531766,0.00765355576714057,-0.0115107005421768,-0.000336992563339307,-0.00240248344249889
"1989-07-01",-3.53591493586104e-06,-0.00402398959702846,0.00405087997311951,-0.0114703855906078,-0.00733257198982499,-0.00141024363631322
"1989-08-01",-0.00758966026396182,-0.00389209412830461,0.00252758607158713,-0.00313141997149719,0.012924614381898,0.00238599829937155
"1989-09-01",-0.00112627435229816,-0.00328622160642632,-0.000130817358163583,0.00159053939517968,-0.00412732190383603,0.00240832878337184
"1989-10-01",0.000774781582364143,-0.00521066573656001,-0.0011165552788285,0.000148971753782162,-0.00678165185340166,0.00877868827793244
"1989-11-01",-0.00237494455953252,0.000582296627691856,0.00458226520739811,-0.00176677263247593,0.000148270229629257,0.00290857640257326
"1989-12-01",-0.00824882319051911,-0.00533405938719157,0.000624113222005608,-0.000979245538739008,0.00525401540334061,-0.00320237090132845
"1990-01-01",0.0112154022064379,-0.00536810765480333,-0.00404480222405856,0.00789221287247194,-0.0149705428081967,0.0103685067068552
"1990-02-01",-0.00157932698397755,0.00848793679596258,0.00593197724675762,-0.000534964587941006,0.0109837437438967,0.0042065845697305
"1990-03-01",-0.00670578868174208,0.00152944762753172,0.00209506520169631,0.000734031842970996,0.00737080378325339,-0.00786897222540461
"1990-04-01",-0.000434751418038511,0.00677730646146809,0.000719239726610638,0.000389354010711098,-0.00277005509754,-0.000263774939478866
"1990-05-01",-0.00483242592459983,0.0014525676569985,-0.00045104069679898,0.0011375910294167,0.000417832921841062,0.000168418387296303
"1990-06-01",-0.00858071719472671,-0.00726917127287464,-0.00309948150808057,0.00294823819103659,-0.000994053834432366,-0.000902234365224469
"1990-07-01",-0.00336448651067587,0.0033089209712715,-0.000627896316951023,-0.00115435609901073,-0.00193246602413231,0.00111143554984293
"1990-08-01",-0.00318047039342181,0.00107181384791227,-0.00364770044318078,0.0131138023743596,-0.00923341409828346,0.00405029584293693
"1990-09-01",-0.00578925560105405,0.00751373736027788,-0.000961114980563972,0.00713498844969616,-0.00236574172173388,0.00280638658642013
"1990-10-01",-0.00334080965334787,0.00843358589493862,0.000869953102490758,0.00212120968811903,-0.00846220475007878,0.000566840877391559
"1990-11-01",-0.00453052672193731,0.0121021608839052,0.00137586047733126,-0.0100699974040105,-0.00112758054237519,-0.00214815675281545
"1990-12-01",-0.00782575255326667,0.00242116700616068,-0.002990534596723,-0.00122985985471435,-0.00402837386822567,-0.000455529903034539
"1991-01-01",-0.00845866004008004,0.00606620092428668,-0.00268339715118399,0.00489447834909384,-0.00751237854760214,-0.00048222574328146
"1991-02-01",-0.0121114660023986,0.00351880655385354,-0.00656908462945972,-0.00980518459159308,0.00601936367832554,-0.00310912615344687
"1991-03-01",-0.00683029111941525,0.00746810925028856,-0.00836421682729588,0.00361331363040605,0.00177978199567285,0.000160603359591395
"1991-04-01",-0.00826071938089415,-0.00242998172437018,-0.0112284369796778,0.00739142497984313,-0.000320966063939499,0.0051396639963442
"1991-05-01",-0.0103328367109917,0.000253367366429017,-0.00774596830161817,0.0081712858585001,0.00364887442557318,0.000438425973646533
"1991-06-01",-0.0104341477211929,0.00760346372674738,-0.00320175069737522,0.00767135190324576,0.00796034735454906,-0.00435956194751485
"1991-07-01",-0.00721180731528618,0.00594656170752265,-0.0032930348780149,0.00338795084149286,0.00248428709315425,-0.00515757306031907
"1991-08-01",-0.00747716047887538,-0.00140294605272694,-0.00411318594232556,0.00237581370369618,-0.00589081454603675,-0.00380821854099597
"1991-09-01",-0.0113194304223656,0.00105686893567117,-0.00183728543927524,0.00570334402705605,0.00139019597591427,-0.00628372826613913
"1991-10-01",-0.00629901338002235,0.00704918867128239,-0.00101645598761212,0.000276082362632693,-0.00252819778215383,-0.00799135013707085
"1991-11-01",-0.0061226834328869,0.000854444044765327,-0.00607337261495187,0.0047592625859111,-0.00659181993713047,-0.00318912969298432
"1991-12-01",-0.004082231970824,0.00491568269131385,-0.00293308296281089,-0.00300507695649344,-0.00522490822739306,-0.00287441336326647
"1992-01-01",-0.00507317787891211,0.003545145729901,-0.0065268059372283,-0.00817563870669215,0.00448341471369826,-0.00547381236723044
"1992-02-01",-0.00467705380817348,0.00123873489074025,-0.00870419538249216,0.00897242256644739,0.00379132901361759,0.00039683236369531
"1992-03-01",-0.00332259451340299,0.00536279557817247,-0.00781110928613231,0.0100526285369399,0.00456253574316077,0.000496582156791692
"1992-04-01",-0.0058719044576947,0.00396204141263609,-0.00406290997715737,0.00499632368739519,7.63570864583991e-06,-0.00374796767014166
"1992-05-01",-0.00779861956643174,0.00242578666600506,-0.00380498775174599,0.00272710720515402,0.00199398416558063,-0.00966414032206482
"1992-06-01",-0.00250211124190981,0.00548479530372051,-0.00461733541264455,0.00473580168003714,-0.0043507830477533,-0.00450205611215033
"1992-07-01",-0.00959073781775505,-0.00130780633131142,-0.0042478911380206,0.0010202966527147,0.000650101026219256,-0.00551060398795042
"1992-08-01",-0.00331382635125453,0.00550041673754108,-0.00275641351431664,-0.00162155058939878,-0.00296868495278531,-0.0100350009536051
"1992-09-01",-0.0033739403474697,0.00294206032080451,-0.00435796508594224,0.00100442397709108,-0.00186355686357239,-0.00356090533716139
"1992-10-01",-0.00392439954508279,0.00345713371488924,-0.00590857896112311,0.00891168629397174,0.00227888975803145,-0.00302765959402827
"1992-11-01",-0.000616528175622257,0.00933505221327811,-0.00567442634601729,0.00556953501228326,0.00505623947602395,-0.00234736760802207
"1992-12-01",-0.00106743604098554,0.00419010325338126,-0.00555319946029749,0.00172682433727141,0.000801236154945804,-0.00249951591339274
"1993-01-01",-0.0022397635122535,0.00152653913337646,-0.00231603455025907,0.00496048276219423,-0.00466804738831039,-0.00597227151319582
"1993-02-01",-0.0027707357810814,0.00171877183351793,-0.000905315161752629,0.000876773284871239,-0.00314094536165617,-0.00818835717381655
"1993-03-01",-0.00336838141879025,0.00608574408176755,-0.00180328540969973,-0.000458892712858615,-0.00224233066201864,-0.00821575658643936
"1993-04-01",0.000256264562679758,0.00196006579465537,-0.00273492654903141,0.00516582722832396,-0.00547944883010689,-0.00205687564697863
"1993-05-01",0.00167791899151849,0.00593536595109739,-0.00236847396011998,0.000106349564357654,-0.00170988165478106,-0.00401500506066673
"1993-06-01",0.00104027513847369,0.00703841711233164,-0.00212420902485689,-0.000545344880608618,0.000752524377146475,-0.00297727916864389
"1993-07-01",-0.000604608172909501,0.00114861217401234,-0.00217278312350159,0.00329024659060241,-0.00359860702873488,-0.00308883387880544
"1993-08-01",0.000634838699486265,0.000847593752920087,-0.00377541758239986,-0.000336031754923365,-0.00324614383303014,-0.00308162866075657
"1993-09-01",-0.00181341232701367,0.000254296741130628,0.000138799258630015,-0.000841105079675129,7.9805631042798e-05,-0.00303731500862273
"1993-10-01",-0.00218588074411309,-0.00390893783299272,-0.00393964817807327,0.00767018996128927,-0.00237631792830466,-0.00459604445055876
"1993-11-01",0.00244090114684073,0.00873453755808692,-0.00101100315687973,0.00263830835954667,0.00390351120151684,-0.00187540157465896
"1993-12-01",0.00159664038934111,0.00283075470707002,-0.000485425323014245,0.000403457576863017,0.00181609603059991,-0.00381044849019031
"1994-01-01",-0.000519062360643505,0.00263096069043701,-0.00105889075292205,0.000252187170594129,-0.000270885513431568,-0.00666948905753435
"1994-02-01",0.00324426131978578,0.0046719143030915,-0.00441668734828128,0.0056597374784144,-0.00135589541704013,-0.00152726462596153
"1994-03-01",0.00526055299569524,0.00522518470471392,-0.00327216901024447,0.00980318141411301,0.00316837499533385,0.00315024771563631
"1994-04-01",0.00606286224527853,0.0110612931794941,-0.000477607514054148,0.00806991252191993,0.000730358963691625,-0.00325227915125254
"1994-05-01",0.00572206345340146,0.00602103352365703,-0.00187800901513947,0.00584918661089614,-0.000370718888282195,-0.00310393747552071
"1994-06-01",0.00267465243760495,0.000237155981847777,-0.00211243914120852,0.0046306669098971,-0.0045215133370357,-0.00218335343826905
"1994-07-01",0.00591707642966702,0.00619452326801268,-0.00161244381220013,0.00477392774094477,-0.00420673093757777,-0.00239636836546323
"1994-08-01",0.000218105599353672,0.000591644443741237,-0.00135445430538541,0.00290895164263392,0.00125769044011563,-0.00372810602607856
"1994-09-01",0.00448728226115322,0.00760888836231632,0.00140469151649234,-0.000540401944457452,0.00208544815834878,-0.00565202544711178
"1994-10-01",0.00223871208217282,0.0061300927475719,-0.00222559108545431,0.00634590617631201,0.00442409435474813,-0.00305462893825783
"1994-11-01",0.00522634074924683,0.00368187473443021,-0.000883943611130502,0.00788002860672368,-0.00277726816441635,-0.00206807581486639
"1994-12-01",0.0031602267233913,0.00457232052192084,0.000461125333530628,0.00609154764088702,-4.3499380113658e-05,-0.00268377370351994
"1995-01-01",0.00236513496291077,0.00387612823160294,0.000370417320725674,0.00216348383195813,-0.00482749705425269,-0.00585465296874324
"1995-02-01",-0.000481767317084946,0.000391008157370321,0.000682695549407674,-0.00278749865297762,-0.00485016896217636,-0.00577595380628143
"1995-03-01",-0.00213265630869807,0.000125955179857849,0.00171680477544091,-0.00171302530759867,-0.0032847219041318,-0.00378687036685587
"1995-04-01",-0.00102603055881319,-0.00146498932435857,-0.000751480991499729,-0.000621873254779418,-0.00606790614908907,-0.00347447063679261
"1995-05-01",-0.00559467435443705,-0.00140240594070127,0.000827182430300113,-0.00421803706144578,0.00190605271760015,-0.000997889522325209
"1995-06-01",-0.00657835160971843,-0.00590078535053582,0.00323862717220146,-0.00380399010959203,-0.00111550284283015,-0.00494801506186525
"1995-07-01",0.000136735853833552,0.00252126914177532,0.000315757320852554,-0.00464249729511461,-0.000109532661699125,-0.0031347811752576
"1995-08-01",-0.00378790486046518,-0.0022538115568445,-0.00130596469258326,0.00677184472811381,0.00558917934186611,0.00329412195813292
"1995-09-01",-0.00454138321477769,-0.00396211848153221,0.00216371557610001,-0.00272023536147155,0.00207308815706385,-0.00298205988374095
"1995-10-01",0.00169491062865538,-0.000167913967066863,0.00115746965629297,-0.000932380052167616,-0.00648626872264931,-0.00137468017756274
"1995-11-01",-0.00203404701629646,-0.000127656433006656,0.00160330052655123,-0.00424495737778034,0.0024667518513219,-7.76796657461868e-05
"1995-12-01",-0.00433283006661187,-0.00708206695891047,-0.00180284774048408,-0.00148658545561754,0.0016643790151764,-0.000491106882357238
"1996-01-01",0.00238718675514485,-0.000459158556182105,-0.00268975168176716,-0.000957671630736514,-0.007370236046794,0.00284459909210022
"1996-02-01",-0.00440484869886863,-0.00391245297209012,0.00172104261053141,-0.000386457841471561,0.00875797086966513,0.00426422363981185
"1996-03-01",0.00264951008130441,0.00394108649272754,-0.00116904283659788,0.00333448297756432,-0.000568605756325751,-0.00369000888498349
"1996-04-01",-0.000633857144758544,-0.000331418142403224,-0.00325061612632156,0.005941054819843,0.00555315556312105,0.00569454246320952
"1996-05-01",-0.000575225209354193,0.0031893128972515,0.00125908188472699,0.000147304255172666,0.00492763296537354,-0.00242998975025091
"1996-06-01",-0.0007633116566908,0.00197366250366502,0.00059540037604567,0.00152372618406701,0.00495695673204685,-0.00399636375917506
"1996-07-01",0.00380427078727316,0.00371836096493453,0.00142842705629471,0.00251040023714824,-0.00613257619172268,-0.00231088171151795
"1996-08-01",3.96491442810635e-05,-0.00173746725993478,-0.000221714141395847,-0.00232285543833297,-0.000967926145668633,-0.00203013682734558
"1996-09-01",-0.00119272801022319,-0.00178772888212569,-0.00290009305521536,0.00515058288569276,0.00242493150249049,-0.00236386785150566
"1996-10-01",0.00167385534913442,-0.00173538721089597,-0.000804532028646463,-0.0039984316233162,-0.00409690506961766,0.000644428339214617
"1996-11-01",-0.00523679563283675,-0.00700315952536513,0.000620763993376031,-0.00274022085243271,0.00376129033910925,-0.00384302841303966
"1996-12-01",-0.00315807684459808,0.000998500832132533,0.00119989592451253,0.00207534349404915,0.00217534234241297,-0.00456565785241258
"1997-01-01",0.000230778364437059,0.00412243453753991,-0.000736132797958075,-0.000443800425139933,0.00336175823532749,-0.00209824022223168
"1997-02-01",-0.00397472660424291,-0.00493931069730659,-0.000844847338687702,0.000458165029861589,0.00633326565179152,-0.000270447563173298
"1997-03-01",-0.00026824092007841,0.00440556698845839,0.00248803696026016,0.0027280623013226,0.00435932348087957,-0.0049259077058125
"1997-04-01",0.00562266637960079,0.00665920770336243,0.00123228869763769,0.00342329873978968,-0.00472815224141636,-0.000823152042028845
"1997-05-01",-0.00342683406293008,-0.00459498635136178,-0.00101464010856127,-0.00350663194852258,0.00383786519291759,-0.00170915156665206
"1997-06-01",-0.00249217795289016,-0.00656935777346685,-0.000522845089052316,-0.00177454001078242,-0.000561473384783439,-0.00290911588355406
"1997-07-01",-0.00481812236140464,-0.00606088831387306,0.00039072721590199,-0.00378990746301701,0.00511090399321667,-0.00248048238575962
"1997-08-01",-0.00453124650870976,-0.00349093085048551,-0.000439440840489709,0.00509877668769133,0.0031276576750106,-0.00279227714260214
"1997-09-01",-0.00170873801739767,-0.00357713850999112,0.00207400309425613,0.00145586568412716,0.000554747304249031,-0.00116180531178881
"1997-10-01",-0.00425817143711013,-0.00230088798911746,0.00448490645138536,-0.000810472689303913,0.00315538688897908,-0.00553368726099854
"1997-11-01",-0.00172393794555195,-0.000895605222308105,0.00570869760262673,-0.00118732954852182,0.00173071766356504,-0.0062753157987834
"1997-12-01",-0.000988894006936179,-0.000284280154582227,0.00323044785221751,-0.00149208292829496,0.000667226445061992,-0.00492962236051497
"1998-01-01",-0.00203752309286142,-0.00441244385733524,0.0040144531024042,-0.00243217724862008,-0.0012396298964469,-0.00262747170674765
"1998-02-01",-0.00105452293502388,-0.00286089531234521,0.00100110171373519,-0.00529083127688276,0.00411627080951135,-0.00318439249683828
"1998-03-01",0.00142446227824245,-0.00165034462385437,-0.0012588683274936,-0.00377102028106645,0.00220370494086718,0.00203484462318506
"1998-04-01",0.0015249391546697,-0.00587807804722048,-0.00168582856579185,7.02810889932211e-05,-0.000215366952097676,0.00417115747146465
"1998-05-01",0.00149343159993903,-0.00345824862468678,0.00021127145546646,0.00183992118915283,-0.00111270317800815,0.00265791640045125
"1998-06-01",0.00480110794133681,0.00313766520337032,0.00254762858452815,-0.00677118211520742,-0.00364255598429143,0.000661759473439028
"1998-07-01",0.00401561805530312,-0.00311184481060022,-0.00361926987652715,-0.00499031282386578,-0.00254929852952085,0.00442471717540197
"1998-08-01",-0.00653514698945421,-0.00563165935832366,0.0041791205056151,0.00604691312517026,0.00742574652467425,0.00333666930058018
"1998-09-01",-0.00227283995341682,-0.000335835072507602,0.0083538075219257,-0.00790449256927526,-0.00516176369285352,-0.0095291130886216
"1998-10-01",-0.00553732168777262,-0.0117212912307988,0.00083666754861595,-0.00227492408094813,-0.00159848431617499,-0.00257489170772075
"1998-11-01",0.000965626551392807,-0.000675456270283522,-0.00256866894022867,-0.00708802006326351,0.0101893270721429,0.000325448451751349
"1998-12-01",0.00423079158017781,-0.00672048896313538,-0.00243970486978449,-0.00247919325473174,-0.000904447674084365,0.00704232215153895
"1999-01-01",0.000496142160584843,-0.00517484718547579,-0.00325251576509529,-0.00372205017531385,0.0049711780260274,0.00104450394852696
"1999-02-01",0.00191604712775801,0.00279984056375873,0.00164579332193662,-0.00258659497479584,0.00747099403532148,0.00182480969047946
"1999-03-01",0.0031280775857428,-0.00144798954884633,-0.00350120012861754,0.000762383237455648,-4.68003294185008e-05,0.00103314408801626
"1999-04-01",0.00382400258807539,-0.0109054557715664,-0.00775695732130317,0.00529636916408745,-0.00750617949003962,0.00988790269810765
"1999-05-01",0.00155694639421878,0.00836109469710916,0.00240588514776769,-0.00533744760560409,0.0124713982054027,0.00168208417547826
"1999-06-01",0.00540889762911715,0.00705942573988606,-0.00138619324162942,0.000152652291706138,0.00079498360306323,-0.0019291718744743
"1999-07-01",0.00327295986863362,-0.00880857105293485,-0.00465263369039464,0.00140617518697854,-0.00327035125945623,0.00569294284737884
"1999-08-01",0.00352332279867354,0.00312550177198099,-0.000154755760420892,0.00227476861891586,0.00179074393813978,0.00237235939315482
"1999-09-01",0.00509015061462548,0.00082646078053991,-0.00169995008994822,-0.000368228473111263,-0.00593929683522051,0.00161154804592571
"1999-10-01",-0.00130540197306407,0.00269272445793754,0.00144359066369916,0.00192890449466783,0.00951884411909284,0.000990837586795182
"1999-11-01",-0.000952023948581164,-0.00304637209719507,0.00099676535878435,-0.00497275907258568,0.00472713820195101,-0.00530158190144815
"1999-12-01",0.00181468956255639,-0.00366255806201126,-0.00332282367113237,0.00328084854480137,0.00294854795819819,0.00103089598387932
"2000-01-01",0.00802110941932628,0.00406515911747811,-0.00152850104511862,-0.000669277251109056,0.000597925331247044,0.00326766615109768
"2000-02-01",0.00552763807720859,-0.0003713065417182,-0.00195281897547468,0.00436199841642873,-0.00436097523159204,0.00382281766029131
"2000-03-01",0.00194676787634274,-0.00530408460701524,-0.00176108331306777,0.00112721503775509,-0.00164770959732629,0.00266662862555547
"2000-04-01",-0.00191738952915837,0.00646278658466818,0.00840193381560318,-0.0114341558922322,0.0103711772948617,-0.00556094468468069
"2000-05-01",0.000118400364191586,0.00564825946836409,0.000590652845951488,0.00745882141246412,-0.00149531068877969,-0.00660027465169768
"2000-06-01",0.000605680223097459,-0.0120231171096974,-0.00445305836364072,0.00185713253776511,-0.00708977046232205,0.00838902975505603
"2000-07-01",-0.000156871901378036,0.00398847208159753,0.00327310901713828,-0.00632750200463595,0.00329077311668226,0.00207884581134758
"2000-08-01",0.000562643085939302,0.00558743801245103,0.00355606405682008,-0.00821504346658907,0.00176668916735327,-0.00220604560361101
"2000-09-01",-0.00107821922045877,-0.0122989566808377,-0.0057840750790743,0.00794181888811864,-0.00525328088190582,0.00603164386406744
"2000-10-01",0.00480149163342877,0.00961762720463581,0.00485231971749689,-0.00627225141502126,-0.000696658458505496,0.00525265908143925
"2000-11-01",0.000984921722255188,-0.000448651914302465,0.00151920940874535,-0.000819760215302446,-0.00292967379827205,-0.000191418465606056
"2000-12-01",-0.000508981580223886,-0.00432630682584053,0.00179995779485465,-0.00578969237680349,-0.00584455278905903,0.00252043123917841
"2001-01-01",-0.00182387488700971,-0.00909292241659295,-0.00299353888169562,-0.00562794960926528,-0.00615699131692594,0.00249520145000347
"2001-02-01",0.00276618076479012,0.0037807098701442,-0.000329723894299445,-0.0076028679042357,-0.000522699688916395,0.00548995883076594
"2001-03-01",-0.000256778977681595,0.00491567216269863,0.00298030380658769,-0.00487741122169028,-0.00324623784819833,0.000995953712943522
"2001-04-01",-0.00189216031468586,-0.0023686538115564,-0.00775354952350907,-4.80749803032679e-05,-0.00241267328688233,0.00213132378223914
"2001-05-01",0.00168713637384426,-0.00398518241158854,-0.0135474867047661,-0.00161522890211544,0.000344044228424242,0.0118184674777294
"2001-06-01",0.00249563602574546,0.00679731538903936,-0.0062084358667414,-0.00717083510655782,0.00228599879033575,0.0081000181449459
"2001-07-01",0.00169786569471086,0.00954603807859874,-0.00447444271659317,-0.00821574488445988,0.00545430542926259,0.00115745426633575
"2001-08-01",-8.02120347447865e-05,-0.00207110291480156,-0.0104457713215963,-0.000491565139472458,-0.00324941500999228,0.0039362501523309
"2001-09-01",0.00481278143330947,0.000634725071524843,-0.0105102726273925,0.00472810769407103,-0.0156650656702369,0.00956937983248561
"2001-10-01",-0.00675254074429395,0.00642389372655966,-0.00716941617289756,-0.0165985801299513,0.0156657768937746,-0.0010165789238005
"2001-11-01",-0.00241870719608586,-0.00241595537614208,-0.0159062688090658,-0.00556870393435142,0.00537234350523542,0.00115505005477214
"2001-12-01",0.00115579752239355,0.00210632561683721,-0.0165341881253249,0.000337062197796645,0.00621988834431802,0.0090525463672117
"2002-01-01",-0.000964551193694779,-0.00294424537733997,-0.015698674341481,0.00476324718124829,0.00213045530668714,0.0067926662177432
"2002-02-01",0.00530559174190714,0.00464017042811168,-0.0111505515026936,7.98047546239374e-05,0.00107173993411592,0.00463148552410716
"2002-03-01",0.000428799572444988,-0.000210429665041278,-0.0156584748302868,0.00624499608013938,0.00748630464827617,0.00434908441311941
"2002-04-01",0.00280778553396457,0.00288206382902641,-0.0117991259463912,0.0037890258160754,-0.000401501599558107,0.00574355830922425
"2002-05-01",0.000625640901595973,0.00858958736390155,-0.00487034121279832,-0.00529035092327459,0.00806300443129124,-0.00248742626901939
"2002-06-01",-0.00115247492992454,0.00107191158771477,-0.00544442412676626,0.00232591179571065,0.000943495141561357,-0.00517688519204446
"2002-07-01",0.00412094376251625,0.00527999736474732,-0.00483956168580312,0.00252961238107833,-0.00730782445145354,-0.00281004300795994
"2002-08-01",-0.000461085458062003,-0.00166976033652772,-0.00791535823727754,-0.00418565717634239,0.00140733735885359,-0.00125188340252071
"2002-09-01",0.00368435270414948,0.00375200312091328,-0.00423292465607646,-0.00260769622050205,-0.00162012054119116,0.000449346319190805
"2002-10-01",0.00383313958937313,0.00282483630244299,-0.0073363972625095,-0.000367596208057476,-0.000320318434027727,0.000520043368600459
"2002-11-01",-0.00172936150840241,-0.00221768603036043,-0.0102779557962578,-0.00467950811941334,0.00912449308656566,0.00302406956566407
"2002-12-01",0.00706246253837096,0.0055588473763718,-0.00819082099313502,-0.00413163375839343,-0.00220710800513938,0.00212575670211647
"2003-01-01",0.00222483530333982,-0.00696268616665505,-0.0122777338437197,0.00599710227270267,-0.000533987640102263,0.00598331234234834
"2003-02-01",0.00550024022813667,0.00368792642750285,-0.0073511153834444,0.00209915768075528,-0.00498647697607462,0.00406217264481501
"2003-03-01",0.00062388707298998,0.006867617931966,-0.00483705519319414,-0.00790763300570323,0.00726225032599934,-0.000873502083596704
"2003-04-01",0.00224350381055047,0.0118280710619347,-0.0036431317768755,-0.016673444840174,0.0130571835729467,-0.00421217427270816
"2003-05-01",0.00126529311152966,-0.00879192641874912,-0.00984131618136877,-0.00747354659578103,0.00157587456322323,0.00245934560428293
"2003-06-01",0.000731745096233267,-0.0139670903702032,-0.0141565239209096,-0.000363977540116788,-0.000165141883354033,0.00634619700178496
"2003-07-01",0.00477397350244621,0.00255292286540042,-0.012843628460228,0.00457680056848494,0.00748766371010304,0.00971849111223623
"2003-08-01",0.0105936358702429,0.00393239892369597,-0.0127648881570191,0.00330921869911544,0.000223774822638187,0.0103910588818245
"2003-09-01",0.00327909223601903,-0.00158620024571855,-0.00777817063039638,-0.00259158541381575,0.00592760357059031,0.00612152135336066
"2003-10-01",0.00628187831062151,0.0072693184439732,-0.00118849998338346,-0.0108059462280193,0.00668421619011467,-0.00435441866256801
"2003-11-01",0.00241705683639874,-0.00359177118538095,-0.00820479195702489,0.000779921925871963,0.00485708636896197,-0.00149408735364282
"2003-12-01",0.00750220454167685,-0.00312896621354306,-0.010208843208578,-0.000614053029501871,-0.00111528786671968,0.00397368560026115
"2004-01-01",0.00716070660976988,-0.00440558408511146,-0.00941071369411464,-0.00146709008924881,-0.00142503887119467,0.0057065226340878
"2004-02-01",0.0039012568985051,0.0020778652894579,-0.00419008146111054,-0.00343073807903436,0.00561499927584053,0.0010144933584954
"2004-03-01",0.00839570980917389,0.00152660347598604,-0.00232506324558211,-0.00599587733384436,-0.00172871832885251,-0.00154873903605952
"2004-04-01",0.00852456343713506,0.00516363185571936,-0.00392483717087867,0.000312870441561438,0.00417566951277198,-0.000299314667283405
"2004-05-01",0.010872571794962,0.000339161501201259,-0.00852582750693687,0.00952257341433909,-0.0025602396078383,0.00509363504151358
"2004-06-01",0.0132642616372637,0.00930395125173064,-0.00694687388542584,-0.00379596866255111,-0.00171893889917972,0.00413779308265737
"2004-07-01",0.00658703185138554,0.00322226426406267,-0.00217274199301088,-0.00446400739727695,0.00438550901504975,0.000551101504396498
"2004-08-01",0.00491850037517805,0.00039301010280407,-0.00300167653018153,-0.00285037519587464,-7.73489580910372e-05,-0.00479776764052409
"2004-09-01",0.00547597623940741,-0.00417130103222374,-0.00763264243430115,-0.00215537912846303,0.000917562890422509,0.00113847327158498
"2004-10-01",0.00583048084779441,-0.0080373568331736,-0.00878169157359916,0.00538734939504795,-0.00110858447599952,0.00617420713489629
"2004-11-01",0.00701622087060509,0.00345648281185853,-0.00513310158679435,-0.00495776340488946,0.00518694622512923,0.00302742268745958
"2004-12-01",0.00127581858440042,0.00341007600834152,-0.000503824830678393,-0.0102315449545948,0.0160989913015496,-0.00144222742954547
"2005-01-01",0.00544017748813069,0.00141030160870525,-0.00319325294554049,-0.00151819762343149,0.00269797702272961,-0.00259784444819013
"2005-02-01",0.00568184128996144,-0.0084949133487629,-0.00725733505751682,0.00468498577384561,-0.00129641343728089,0.00537568994716546
"2005-03-01",0.0111095960686496,0.0059154562402661,-0.00475936030308065,-0.000302059132308221,-0.000540435033037177,0.00538863249607307
"2005-04-01",0.00866787854670241,-0.000712822303778623,-0.00202357201401586,-0.00170091630806101,-0.000875260617708749,0.00530229544337536
"2005-05-01",0.00328090983420202,0.00284563879417988,0.00267872730003075,-0.0102932064226052,0.00715348113735405,-0.00358744602288311
"2005-06-01",0.0039564792955517,-0.00686895153827045,-0.00291599647648467,-0.00421430705008799,0.00206907635039023,-0.000807762176449652
"2005-07-01",0.0112781121216952,-0.00777661542847378,-0.00932555336675085,0.00384088603086868,-0.0057066285581994,0.00900380706535559
"2005-08-01",0.00915434076978887,-0.00299758850034269,-0.00519913769690927,-0.00025085944042149,0.002514245631052,0.0123840245020891
"2005-09-01",0.0143803059481106,-0.00886227558279181,-0.0113401472026177,0.00347411945136239,-0.0156724172838615,0.0124864409511611
"2005-10-01",0.00434822430095563,0.0191794672284433,0.00960719398384116,-0.0143330247527889,0.0243470450083205,0.00497946467660822
"2005-11-01",-0.00179378036043253,0.00638578450904265,0.0090690475220456,-0.0156314162789424,0.0192330131608061,-0.0157475637441065
"2005-12-01",0.00316192384409515,-0.0130748640224262,-0.00626074166084237,0.00438227721482178,-0.00550699348765296,0.000528128186627756
"2006-01-01",0.0111168371252563,-0.0137450266394499,-0.00760180537727548,0.00417922554527386,-0.00655030385235037,0.0146251230020396
"2006-02-01",0.00865515779356532,0.00919971828847675,0.00442585336357652,-0.0123085557468542,0.00989902132143312,0.0041154813463508
"2006-03-01",0.00627271457305185,-0.0048563291395961,-0.00122046320178967,8.428235305874e-05,-0.000283793472024537,0.00231127855002282
"2006-04-01",0.00676747554236306,-0.00637403562674948,-0.00506115382880333,0.00585737657422461,-0.00363043145188706,0.00860815592706048
"2006-05-01",0.007383529766523,0.00538835738082559,0.000784489352074777,-0.00568216554005684,0.00205188434518708,0.00641263553871536
"2006-06-01",0.00344528783113062,0.00246463942894363,0.00163268317262289,0.000119198072749151,0.000959138522777524,0.00211934399393685
"2006-07-01",0.00401912321084295,-0.00317532368923102,-0.00236784268609582,0.00180591661319032,-0.00590150114179489,0.00355425119754242
"2006-08-01",-0.00151673623533801,-0.00420190632919132,0.000303984545473689,-0.00334086753913106,0.00350631710450531,0.00477298143651533
"2006-09-01",-0.00208296718153777,0.010598993733636,0.0110543012951817,-0.0203861199138259,0.0141803973335146,-0.00779445356781203
"2006-10-01",-0.00124830862932338,-0.00147954710442513,0.000958652258643399,-0.00519158837872284,0.00128918239439932,-0.00520626036951907
"2006-11-01",0.00220460059889317,-0.0120950469008549,-0.0060212320673411,0.00574257797314371,-0.00923136668451173,0.00962857246598468
"2006-12-01",-0.000806978137472852,-0.0143969820441587,-0.00514649728043737,0.0068328551145658,-0.00102107660300607,0.0106380371552002
"2007-01-01",0.00336848522744642,0.00903075605001934,0.00426351357584646,-0.00710351669949148,0.00388777822782718,0.00253212638060426
"2007-02-01",-0.00348501763655603,-0.00667344798437401,-0.00178358364749337,0.00429621135981165,1.44207180087774e-05,0.00202269471867023
"2007-03-01",0.000583581944108652,-0.00500498807231818,0.000590851960949531,0.00228137345731762,-0.00347221874746442,0.00521417821938068
"2007-04-01",-0.00516382398280219,0.000265240969772158,0.00217843566378839,-0.0040505693676221,0.00875228928447815,-0.00144617639197858
"2007-05-01",-0.000852626051961108,-0.00236289142649144,-9.06688030948953e-07,-0.000750226590704779,-0.00108531898037119,0.00103871798966452
"2007-06-01",3.75283959526905e-05,0.00529120444184385,0.00185502082549317,-0.000609432542470986,0.00424243065040215,0.00292787753584276
"2007-07-01",-0.00111626097971409,0.000854448730011416,0.000101652360928941,-0.000966505621303884,-0.00160498578222717,0.00168779514663637
"2007-08-01",-0.00399074847867791,0.0035665314074441,0.00315756564695325,-0.00410415165375733,-0.0013532345845674,0.000152708211112513
"2007-09-01",-0.0073564117137667,-0.0105063024189368,-0.00313214872835698,0.00483859004639232,-0.00567844846921599,-9.35903121177258e-06
"2007-10-01",-0.0014216400346665,0.000955554574003839,-0.00010489406079515,-0.00362092523231725,-0.000785731985683882,0.0041153524788058
"2007-11-01",-0.00480115681655846,-0.0101386673501013,-0.000745824181239295,0.00803131840414961,-0.0131349823541452,0.00411255566105258
"2007-12-01",-0.0088101265175518,0.010352457233405,0.00831230769255973,-0.00664097440843729,0.00668659054995945,-0.00568667108238933
"2008-01-01",-0.00752252839379476,-0.000355210137421405,0.0052261359263493,0.00136227893433581,-0.0103337204801736,-0.00563132103978861
